,svc__C,svc__gamma,svc__kernel
0,4.331064601244609,0.09907641983846155,rbf
