,Accuracy,Recall
0,0.8613292049098751,0.8751182592242195
