,Accuracy,Recall
0,0.8342503248638337,0.7723120168657766
