train_accuracy,test_accuracy,train_precision,test_precision,train_recall,test_recall,train_f1,test_f1,fit_time,score_time
0.8427339084273391,0.8142608310984545,0.40937781785392247,0.36639388979814513,0.8901960784313725,0.7866010775357226,0.560840024706609,0.4999255620068483,36.72973442077637,186.58301496505737
